"composition","vec","deltachi","delta","deltahmix","deltasmix","ref","phase","density","hv","testtype","ys","ysmax","elongation","ym","group"
"CoFeNi",9,0.0329983164553721,0.327647103101002,-1.33333333333333,9.13437080597477,"4","FCC","8.5",125,"C",204,NA,NA,207,"Al-Co-Cr-Fe-Mn-Ni"
"CoFeNi",9,0.0329983164553721,0.327647103101002,-1.33333333333333,9.13437080597477,"4","FCC","8.5",125,"C",209,NA,NA,207,"Al-Co-Cr-Fe-Mn-Ni"
"CoFeNi",9,0.0329983164553721,0.327647103101002,-1.33333333333333,9.13437080597477,"5","FCC","8.5",NA,"T",211,513,"31",207,"Al-Co-Cr-Fe-Mn-Ni"
"CoFeNiSi0.25",8.61538461538462,0.0324903262799121,2.0252824210317,-11.8343195266272,10.6865208024197,"4","FCC","7.7",149,"C",196,NA,NA,194,"Al-Co-Cr-Fe-Mn-Ni"
"CoFeNiSi0.5",8.28571428571428,0.0319438282499969,2.65771025413079,-19.4285714285714,11.2393574883391,"4","FCC+Im","7.1",287,"C",476,NA,NA,NA,"Al-Co-Cr-Fe-Mn-Ni"
"CoFeNiSi0.75",8,0.0313829394558395,3.04536270652963,-24.96,11.4680738893214,"4","FCC+Im","6.6",570,"C",1301,NA,NA,NA,"Al-Co-Cr-Fe-Mn-Ni"
"Al0.25CoFeNi",8.53846153846154,0.076999961576875,3.94493025637091,-6.05917159763314,10.6865208024197,"4","FCC","7.9",138,"C",158,NA,NA,196,"Al-Co-Cr-Fe-Mn-Ni"
"Al0.5CoFeNi",8.14285714285714,0.0970798114744685,5.12317753419507,-9.46938775510204,11.2393574883391,"4","FCC+BCC","7.4",212,"C",346,NA,NA,187,"Al-Co-Cr-Fe-Mn-Ni"
"Al0.75CoFeNi",7.8,0.1093902290985,5.80498377805972,-11.9466666666667,11.4680738893214,"4","FCC+BCC","7.0",385,"C",794,NA,NA,179,"Al-Co-Cr-Fe-Mn-Ni"
"CoCrFeNi",8.25,0.0966953980290686,0.302115884766774,-3.75,11.526292643288,"6","FCC","8.2",NA,"T",148,413,"48",225,"Al-Co-Cr-Fe-Mn-Ni"
"CoCrFeNi",8.25,0.0966953980290686,0.302115884766774,-3.75,11.526292643288,"7","FCC","8.2",116,NA,NA,NA,NA,225,"Al-Co-Cr-Fe-Mn-Ni"
"CoCrFeNi",8.25,0.0966953980290686,0.302115884766774,-3.75,11.526292643288,"7","FCC","8.2",113,NA,NA,NA,NA,225,"Al-Co-Cr-Fe-Mn-Ni"
"CoCrFeMo0.5Ni",8,0.140457805271649,2.91394862133363,-4.34567901234568,13.1459448815993,"8","FCC+Im","8.5",210,NA,NA,NA,NA,NA,"Al-Co-Cr-Fe-Mn-Ni"
"CoCrFeNb0.103Ni",8.16841335608092,0.101487899360577,2.29777853312035,-5.47301098588034,12.2121123886551,"6","FCC+Im","8.2",NA,"T",318,622,"19",NA,"Al-Co-Cr-Fe-Mn-Ni"
"CoCrFeNb0.155Ni",8.12876052948255,0.103631000938996,2.77091603450426,-6.27663595250818,12.4206451573183,"6","FCC+Im","8.2",NA,"T",322,744,"23",NA,"Al-Co-Cr-Fe-Mn-Ni"
"CoCrFeNb0.206Ni",8.09082263433191,0.105576867031975,3.14608012577113,-7.02481272931882,12.5871888380675,"6","FCC+Im","8.2",NA,"T",403,807,"9",NA,"Al-Co-Cr-Fe-Mn-Ni"
"CoCrFeNb0.309Ni",8.01694128568113,0.1090935333118,3.7435328093398,-8.42375979811155,12.8452089009014,"6","FCC+Im","8.2",NA,"T",479,879,"4",NA,"Al-Co-Cr-Fe-Mn-Ni"
"CoCrFeNb0.412Ni",7.94650951949229,0.112136078522674,4.20565844841053,-9.68593853900473,13.0298656223087,"6","FCC+Im","8.2",NA,"T",638,1004,"1",NA,"Al-Co-Cr-Fe-Mn-Ni"
"CoCrFeNiTi",7.4,0.14150618361047,6.6805618329424,-16.32,13.3816113591719,"9","FCC","7.2",NA,"C",NA,2020,"9",135,"Al-Co-Cr-Fe-Mn-Ni"
"Co1.5CrFeNi1.5Ti0.5",8.09090909090909,0.121865662388638,4.88503595199915,-10.7438016528926,12.8591369604353,"10","FCC","7.8",509,NA,NA,NA,NA,211,"Al-Co-Cr-Fe-Mn-Ni"
"Co1.5CrFeNi1.5Ti",7.75,0.138230383378217,6.24799539139624,-15.6111111111111,13.2119048854534,"10","FCC+Im","7.4",654,NA,NA,NA,NA,NA,"Al-Co-Cr-Fe-Mn-Ni"
"Al0.25CoCrFeNi",7.94117647058824,0.106026046287455,3.4780138189494,-6.75432525951557,12.7083710094314,"7","FCC","7.7",110,NA,NA,NA,NA,216,"Al-Co-Cr-Fe-Mn-Ni"
"Al0.25CoCrFeNi",7.94117647058824,0.106026046287455,3.4780138189494,-6.75432525951557,12.7083710094314,"7","FCC","7.7",113,NA,NA,NA,NA,216,"Al-Co-Cr-Fe-Mn-Ni"
"Al0.375CoCrFeNi",7.8,0.109565375135448,4.11713403122079,-7.9934693877551,12.9703754290417,"7","FCC","7.5",131,NA,NA,NA,NA,211,"Al-Co-Cr-Fe-Mn-Ni"
"Al0.375CoCrFeNi",7.8,0.109565375135448,4.11713403122079,-7.9934693877551,12.9703754290417,"7","FCC","7.5",196,NA,NA,NA,NA,211,"Al-Co-Cr-Fe-Mn-Ni"
"Al0.5CoCrFeNi",7.66666666666667,0.112546286774228,4.60231454121547,-9.08641975308642,13.1459448815993,"7","FCC+BCC","7.3",159,NA,NA,NA,NA,208,"Al-Co-Cr-Fe-Mn-Ni"
"Al0.5CoCrFeNi",7.66666666666667,0.112546286774228,4.60231454121547,-9.08641975308642,13.1459448815993,"7","FCC+BCC","7.3",209,NA,NA,NA,NA,208,"Al-Co-Cr-Fe-Mn-Ni"
"Al0.7Co0.3CrFeNi",7.2,0.119184468367317,5.53842588666219,-11.3975,12.7960447443379,"11","FCC+BCC+B2","6.8",624,"C",2033,2635,"8",NA,"Al-Co-Cr-Fe-Mn-Ni"
"Al0.75CoCrFeNi",7.42105263157895,0.117206638557224,5.30081169493711,-10.9030470914127,13.3328070494741,"7","FCC+BCC","7.0",388,NA,NA,NA,NA,200,"Al-Co-Cr-Fe-Mn-Ni"
"Al0.75CoCrFeNi",7.42105263157895,0.117206638557224,5.30081169493711,-10.9030470914127,13.3328070494741,"7","FCC+BCC","7.0",280,NA,NA,NA,NA,200,"Al-Co-Cr-Fe-Mn-Ni"
"Al0.875CoCrFeNi",7.30769230769231,0.1190229785714,5.56041537572878,-11.655489809336,13.3703815553767,"12","FCC+BCC","6.9",NA,NA,NA,NA,NA,197,"Al-Co-Cr-Fe-Mn-Ni"
"Al0.875CoCrFeNi",7.30769230769231,0.1190229785714,5.56041537572878,-11.655489809336,13.3703815553767,"7","BCC","6.9",538,NA,NA,NA,NA,197,"Al-Co-Cr-Fe-Mn-Ni"
"Al0.875CoCrFeNi",7.30769230769231,0.1190229785714,5.56041537572878,-11.655489809336,13.3703815553767,"7","FCC+BCC","6.9",361,NA,NA,NA,NA,197,"Al-Co-Cr-Fe-Mn-Ni"
"AlCoCrFeNi",7.2,0.120565334984812,5.77788955900237,-12.32,13.3816113591719,"7","BCC","6.7",484,NA,NA,NA,NA,194,"Al-Co-Cr-Fe-Mn-Ni"
"AlCoCrFeNi",7.2,0.120565334984812,5.77788955900237,-12.32,13.3816113591719,"7","FCC+BCC","6.7",433,NA,NA,NA,NA,194,"Al-Co-Cr-Fe-Mn-Ni"
"AlCoCrFeNi",7.2,0.120565334984812,5.77788955900237,-12.32,13.3816113591719,"13","BCC","6.7",395,NA,NA,NA,NA,194,"Al-Co-Cr-Fe-Mn-Ni"
"AlCoCrFeNi",7.2,0.120565334984812,5.77788955900237,-12.32,13.3816113591719,"14","BCC","6.7",NA,"C",1251,2004,"33",194,"Al-Co-Cr-Fe-Mn-Ni"
"AlCoCrFeNi",7.2,0.120565334984812,5.77788955900237,-12.32,13.3816113591719,"15","BCC","6.7",NA,"C",1051,NA,NA,194,"Al-Co-Cr-Fe-Mn-Ni"
"AlCoCrFeNi",7.2,0.120565334984812,5.77788955900237,-12.32,13.3816113591719,"16","BCC","6.7",NA,"C",1110,NA,NA,194,"Al-Co-Cr-Fe-Mn-Ni"
"AlCoCrFeNi",7.2,0.120565334984812,5.77788955900237,-12.32,13.3816113591719,"17","BCC","6.7",NA,"C",1138,NA,NA,125,"Al-Co-Cr-Fe-Mn-Ni"
"AlCoCrFeNi",7.2,0.120565334984812,5.77788955900237,-12.32,13.3816113591719,"18","BCC","6.7",NA,"C",1138,NA,"11",125,"Al-Co-Cr-Fe-Mn-Ni"
"AlCoCrFeNi",7.2,0.120565334984812,5.77788955900237,-12.32,13.3816113591719,"19","BCC","6.7",NA,"C",1051,NA,NA,194,"Al-Co-Cr-Fe-Mn-Ni"
"AlCoCrFeNi",7.2,0.120565334984812,5.77788955900237,-12.32,13.3816113591719,"20","BCC","6.7",520,"C",1373,3531,"25",194,"Al-Co-Cr-Fe-Mn-Ni"
"Al1.25CoCrFeNi",7,0.12297889869327,6.11761935339417,-13.4240362811791,13.3455328038913,"7","BCC","6.5",487,NA,NA,NA,NA,188,"Al-Co-Cr-Fe-Mn-Ni"
"Al1.25CoCrFeNi",7,0.12297889869327,6.11761935339417,-13.4240362811791,13.3455328038913,"7","BCC","6.5",499,NA,NA,NA,NA,188,"Al-Co-Cr-Fe-Mn-Ni"
"Al1.5CoCrFeNi",6.81818181818182,0.12468804047709,6.36456580774462,-14.2809917355372,13.2546394269215,"7","BCC","6.2",484,NA,NA,NA,NA,183,"Al-Co-Cr-Fe-Mn-Ni"
"Al1.5CoCrFeNi",6.81818181818182,0.12468804047709,6.36456580774462,-14.2809917355372,13.2546394269215,"7","BCC","6.2",517,NA,NA,NA,NA,183,"Al-Co-Cr-Fe-Mn-Ni"
"Al1.5CoCrFeNi",6.81818181818182,0.12468804047709,6.36456580774462,-14.2809917355372,13.2546394269215,"13","BCC","6.2",402,NA,NA,NA,NA,183,"Al-Co-Cr-Fe-Mn-Ni"
"Al2CoCrFeNi",6.5,0.126622799421484,6.67801489950029,-15.4444444444444,12.9764683537374,"7","BCC","5.9",509,NA,NA,NA,NA,173,"Al-Co-Cr-Fe-Mn-Ni"
"Al2CoCrFeNi",6.5,0.126622799421484,6.67801489950029,-15.4444444444444,12.9764683537374,"7","BCC","5.9",512,NA,NA,NA,NA,173,"Al-Co-Cr-Fe-Mn-Ni"
"Al2CoCrFeNi",6.5,0.126622799421484,6.67801489950029,-15.4444444444444,12.9764683537374,"13","BCC","5.9",432,NA,NA,NA,NA,173,"Al-Co-Cr-Fe-Mn-Ni"
"Al2.5CoCrFeNi",6.23076923076923,0.12724667373386,6.8416796170094,-16.094674556213,12.6328503678385,"13","BCC","5.6",487,NA,NA,NA,NA,165,"Al-Co-Cr-Fe-Mn-Ni"
"Al3CoCrFeNi",6,0.127054543967767,6.91623685229198,-16.4081632653061,12.2644668471876,"13","BCC","5.3",506,NA,NA,NA,NA,158,"Al-Co-Cr-Fe-Mn-Ni"
"AlC0.1CoCrFeNi",7.13725490196078,0.16033653573189,8.00993343526743,-15.3479430988082,13.9216469690734,"18","BCC+Im","6.7",NA,"C",957,2550,"11",213,"Al-Co-Cr-Fe-Mn-Ni"
"AlC0.2CoCrFeNi",7.07692307692308,0.189783433100178,9.66880470598004,-18.1360946745562,14.2223878725103,"18","BCC+Im","6.8",NA,"C",906,2386,"9",151,"Al-Co-Cr-Fe-Mn-Ni"
"AlC0.3CoCrFeNi",7.0188679245283,0.21339781124814,11.0199694038901,-20.7048771804913,14.4327116897301,"18","BCC+Im","6.8",NA,"C",867,2178,"8",137,"Al-Co-Cr-Fe-Mn-Ni"
"AlC0.4CoCrFeNi",6.96296296296296,0.233101001322513,12.1692941651052,-23.0727023319616,14.585831802273,"18","BCC+Im","6.8",NA,"C",1056,2375,"7",156,"Al-Co-Cr-Fe-Mn-Ni"
"AlC0.5CoCrFeNi",6.90909090909091,0.249938835493013,13.172257012767,-25.2561983471074,14.6979866791612,"18","BCC+Im","6.8",NA,"C",1060,2250,"6",181,"Al-Co-Cr-Fe-Mn-Ni"
"AlCCoCrFeNi",6.66666666666667,0.308040401390611,16.8560955819492,-33.8888888888889,14.8975171276187,"18","BCC+Im","6.9",NA,"C",1251,2166,"7",75,"Al-Co-Cr-Fe-Mn-Ni"
"AlC1.5CoCrFeNi",6.46153846153846,0.342019757898428,19.283522126712,-39.6686390532544,14.7850543474267,"18","BCC+Im","7.0",NA,"C",1255,2083,"6",73,"Al-Co-Cr-Fe-Mn-Ni"
"Al0.5CoCrFeMo0.5Ni",7.5,0.152581125962551,4.88164294393899,-8.68,14.5342406235007,"8","FCC+Im","7.7",425,NA,NA,NA,NA,NA,"Al-Co-Cr-Fe-Mn-Ni"
"AlCo0.5CrFeMo0.5Ni",6.9,0.165239220525879,5.92957682617296,-11.72,14.5342406235007,"21","BCC+Im","7.0",801,NA,NA,NA,NA,NA,"Al-Co-Cr-Fe-Mn-Ni"
"AlCoCrFe0.5Mo0.5Ni",7,0.166640331252671,5.87505087260336,-12.56,14.5342406235007,"22","BCC+Im","7.0",755,NA,NA,NA,NA,NA,"Al-Co-Cr-Fe-Mn-Ni"
"AlCoCrFe0.6Mo0.5Ni",7.01960784313726,0.165019542607905,5.85171879142889,-12.318339100346,14.6109492680261,"22","BCC+Im","7.1",754,NA,NA,NA,NA,NA,"Al-Co-Cr-Fe-Mn-Ni"
"AlCoCrFeMo0.1Ni",7.17647058823529,0.130599128086003,5.77756294785598,-12.1337946943483,13.9216469690734,"19","BCC","6.8",NA,"C",1804,2280,"9",196,"Al-Co-Cr-Fe-Mn-Ni"
"AlCoCrFeMo0.2Ni",7.15384615384615,0.139188795202987,5.77486472039494,-11.9526627218935,14.2223878725103,"19","BCC+Im","6.9",NA,"C",2456,2953,"3",NA,"Al-Co-Cr-Fe-Mn-Ni"
"AlCoCrFeMo0.3Ni",7.13207547169811,0.146647597927576,5.77007384840398,-11.7764328942684,14.4327116897301,"19","BCC+Im","7.0",NA,"C",2649,3208,"3",NA,"Al-Co-Cr-Fe-Mn-Ni"
"AlCoCrFeMo0.4Ni",7.11111111111111,0.153191919043913,5.76343484381971,-11.6049382716049,14.585831802273,"19","BCC+Im","7.0",NA,"C",2670,3161,"3",NA,"Al-Co-Cr-Fe-Mn-Ni"
"AlCoCrFeMo0.5Ni0.5",6.8,0.163587896862818,5.90374408707769,-11.08,14.5342406235007,"23","B2+Im","7.0",708,NA,NA,NA,NA,NA,"Al-Co-Cr-Fe-Mn-Ni"
"AlCoCrFeMo0.5Ni",7.09090909090909,0.158979181546796,5.75516263626562,-11.4380165289256,14.6979866791612,"19","BCC+Im","7.1",NA,"C",2757,3036,"3",NA,"Al-Co-Cr-Fe-Mn-Ni"
"AlCoCrFeMo0.5Ni",7.09090909090909,0.158979181546796,5.75516263626562,-11.4380165289256,14.6979866791612,"21","BCC+Im","7.1",796,NA,NA,NA,NA,NA,"Al-Co-Cr-Fe-Mn-Ni"
"AlCoCrFeMo0.5Ni",7.09090909090909,0.158979181546796,5.75516263626562,-11.4380165289256,14.6979866791612,"8","BCC+Im","7.1",715,NA,NA,NA,NA,NA,"Al-Co-Cr-Fe-Mn-Ni"
"AlCoCrFeMo0.5Ni",7.09090909090909,0.158979181546796,5.75516263626562,-11.4380165289256,14.6979866791612,"23","B2+Im","7.1",730,NA,NA,NA,NA,NA,"Al-Co-Cr-Fe-Mn-Ni"
"AlCoCrFeMo0.5Ni1.5",7.33333333333333,0.154567047659656,5.61002922079309,-11.5277777777778,14.5349732000064,"23","FCC+B2+Im","7.2",586,NA,NA,NA,NA,NA,"Al-Co-Cr-Fe-Mn-Ni"
"AlCoCrFeMo0.5Ni2",7.53846153846154,0.150391992736615,5.47064757187253,-11.4556213017751,14.2330723849698,"23","FCC+B2+Im","7.4",395,NA,NA,NA,NA,NA,"Al-Co-Cr-Fe-Mn-Ni"
"AlCo1.5CrFeMo0.5Ni",7.25,0.15334239103682,5.59073014006995,-11.0833333333333,14.5349732000064,"21","BCC+Im","7.2",741,NA,NA,NA,NA,NA,"Al-Co-Cr-Fe-Mn-Ni"
"AlCo2CrFeMo0.5Ni",7.38461538461539,0.14824016975501,5.43663709597231,-10.698224852071,14.2330723849698,"21","FCC+BCC+Im","7.3",586,NA,NA,NA,NA,NA,"Al-Co-Cr-Fe-Mn-Ni"
"AlCoCrFe1.5Mo0.5Ni",7.16666666666667,0.152285824101333,5.63133472556679,-10.5,14.5349732000064,"22","BCC+Im","7.2",635,NA,NA,NA,NA,NA,"Al-Co-Cr-Fe-Mn-Ni"
"AlCoCrFe2Mo0.5Ni",7.23076923076923,0.146372306366354,5.50811562697174,-9.70414201183432,14.2330723849698,"22","BCC+Im","7.2",639,NA,NA,NA,NA,NA,"Al-Co-Cr-Fe-Mn-Ni"
"Al1.5CoCrFeMo0.5Ni",6.75,0.162196297395745,6.22614956302061,-13.1944444444444,14.5349732000064,"8","BCC+Im","6.6",655,NA,NA,NA,NA,NA,"Al-Co-Cr-Fe-Mn-Ni"
"Al2CoCrFeMo0.5Ni",6.46153846153846,0.163511756991833,6.49052054580851,-14.2958579881657,14.2330723849698,"8","BCC","6.3",605,NA,NA,NA,NA,185,"Al-Co-Cr-Fe-Mn-Ni"
"AlCoCrFeNb0.1Ni",7.15686274509804,0.121901820435348,5.91886119411988,-13.3179546328335,13.9216469690734,"20","BCC","6.8",569,"C",1641,3285,"17",192,"Al-Co-Cr-Fe-Mn-Ni"
"AlCoCrFeNb0.25Ni",7.09523809523809,0.12361523216652,6.09868324543157,-14.6575963718821,14.336146433544,"20","BCC+Im","6.8",668,"C",1959,3008,"11",NA,"Al-Co-Cr-Fe-Mn-Ni"
"AlCoCrFeNb0.5Ni",7,0.125829479261577,6.33184846919063,-16.5289256198347,14.6979866791612,"20","BCC+Im","7.0",747,"C",2473,3170,"4",NA,"Al-Co-Cr-Fe-Mn-Ni"
"AlCoCrFeNb0.75Ni",6.91304347826087,0.127411335418771,6.50244121533514,-18.0264650283554,14.8556466093576,"20","BCC+Im","7.0",NA,NA,NA,NA,NA,NA,"Al-Co-Cr-Fe-Mn-Ni"
"AlCoCrFeNiSi0.2",7.07692307692308,0.12052952693803,6.01849655591765,-16.3905325443787,14.2223878725103,"24","BCC","6.5",NA,"C",1265,2173,"14",188,"Al-Co-Cr-Fe-Mn-Ni"
"AlCoCrFeNiSi0.4",6.96296296296296,0.120333327633574,6.21381109531596,-19.8353909465021,14.585831802273,"24","BCC","6.2",NA,"C",1481,2444,"13",183,"Al-Co-Cr-Fe-Mn-Ni"
"AlCoCrFeNiSi0.6",6.85714285714286,0.120010097364296,6.3733442571868,-22.7551020408163,14.778939964564,"24","BCC","6.0",NA,"C",1834,2195,"3",178,"Al-Co-Cr-Fe-Mn-Ni"
"AlCoCrFeNiSi0.8",6.75862068965517,0.119586087578988,6.50407992298707,-25.2318668252081,14.871549973291,"24","BCC+Im","5.8",NA,"C",2179,2664,"2",NA,"Al-Co-Cr-Fe-Mn-Ni"
"AlCoCrFeNi",7.2,0.120565334984812,5.77788955900237,-12.32,13.3816113591719,"24","BCC","5.7",NA,"C",1110,NA,NA,169,"Al-Co-Cr-Fe-Mn-Ni"
"AlCoCrFeNiSi",6.66666666666667,0.119082137852642,6.61129993112558,-27.3333333333333,14.8975171276187,"24","BCC+Im","5.7",NA,"C",2411,2950,"1",NA,"Al-Co-Cr-Fe-Mn-Ni"
"Al0.2Co1.5CrFeNi1.5Ti0.5",7.91228070175439,0.125139503564686,5.34179824509721,-12.4038165589412,13.6717816470582,"10","FCC","7.6",487,NA,NA,NA,NA,206,"Al-Co-Cr-Fe-Mn-Ni"
"Al0.2Co1.5CrFeNi1.5Ti",7.59677419354839,0.139486291793621,6.45605898027802,-16.9614984391259,13.9705741125819,"10","FCC+Im","7.2",717,NA,NA,NA,NA,NA,"Al-Co-Cr-Fe-Mn-Ni"
"Al0.5CoCrFeNiTi",7,0.141998719584496,7.04403851487952,-19.5702479338843,14.6979866791612,"9","BCC+Im","6.6",NA,"C",NA,1600,"10",107,"Al-Co-Cr-Fe-Mn-Ni"
"AlCoCrFeNiTi0.5",6.90909090909091,0.133775437837426,6.71761952253095,-17.9173553719008,14.6979866791612,"25","FCC","6.4",178,"C",2040,3135,"24",72,"Al-Co-Cr-Fe-Mn-Ni"
"AlCoCrFeNiTi0.5",6.90909090909091,0.133775437837426,6.71761952253095,-17.9173553719008,14.6979866791612,"26","BCC","6.4",178,"C",2260,3140,"23",178,"Al-Co-Cr-Fe-Mn-Ni"
"AlCoCrFeNiTi",6.66666666666667,0.14135259302735,7.22078790036384,-21.5555555555556,14.8975171276187,"26","BCC","6.2",NA,"C",1860,2580,"9",90,"Al-Co-Cr-Fe-Mn-Ni"
"AlCoCrFeNiTi",6.66666666666667,0.14135259302735,7.22078790036384,-21.5555555555556,14.8975171276187,"9","BCC+Im","6.2",NA,"C",NA,2280,"6",148,"Al-Co-Cr-Fe-Mn-Ni"
"AlCoCrFeNiTi1.5",6.46153846153846,0.145728124912566,7.49818125961725,-23.905325443787,14.7850543474267,"26","BCC+Im","6.1",NA,"C",2220,2720,"5",160,"Al-Co-Cr-Fe-Mn-Ni"
"Al1.5CoCrFeNiTi",6.38461538461539,0.140046484252477,7.29162300627912,-22.7218934911243,14.7850543474267,"9","BCC","5.9",NA,"C",NA,2110,"10",133,"Al-Co-Cr-Fe-Mn-Ni"
"Al2CoCrFeNiTi",6.14285714285714,0.138357714432037,7.29899966196186,-23.3469387755102,14.53258395785,"9","BCC","5.6",643,"C",NA,1030,"5",94,"Al-Co-Cr-Fe-Mn-Ni"
"AlCoCrFeNiTiVZr",6.125,0.181998454663769,9.33788836526144,-26.75,17.2894389649319,"27",NA,"6.3",780,NA,NA,NA,NA,NA,"Al-Co-Cr-Fe-Mn-Ni"
"CoCrFeMnNi",8,0.138361844451424,3.269463576718,-4.16,13.3816113591719,"28","FCC","8.0",176,"T",208,NA,"62",219,"Al-Co-Cr-Fe-Mn-Ni"
"CoCrFeMnNi",8,0.138361844451424,3.269463576718,-4.16,13.3816113591719,"29","FCC","8.0",144,"C",230,NA,"75",219,"Al-Co-Cr-Fe-Mn-Ni"
"CoCrFeMnNiV0.25",7.85714285714286,0.138098522128439,3.28751124529792,-5.29705215419501,14.336146433544,"29","FCC","7.9",151,"C",200,NA,"75",215,"Al-Co-Cr-Fe-Mn-Ni"
"CoCrFeMnNiV0.5",7.72727272727273,0.137594445400091,3.29500153613274,-6.21487603305785,14.6979866791612,"29","FCC","7.8",186,"C",620,NA,"75",211,"Al-Co-Cr-Fe-Mn-Ni"
"CoCrFeMnNiV0.75",7.60869565217391,0.136911655867159,3.29455040740515,-6.95652173913043,14.8556466093576,"29","FCC+Im","7.7",342,"C",740,1325,"8",NA,"Al-Co-Cr-Fe-Mn-Ni"
"CoCrFeMnNiV1.0",7.5,0.136096371083957,3.28807843722313,-7.55555555555556,14.8975171276187,"29","FCC+Im","7.7",650,"C",1660,1845,"< 1",NA,"Al-Co-Cr-Fe-Mn-Ni"
"Al0.10CoCrFeMnNi",7.90196078431372,0.138695520908876,3.69493435876235,-5.24413687043445,13.9216469690734,"28","FCC","7.9",180,NA,NA,NA,NA,216,"Al-Co-Cr-Fe-Mn-Ni"
"Al0.20CoCrFeMnNi",7.80769230769231,0.138952122357639,4.04378633237898,-6.24260355029586,14.2223878725103,"28","FCC","7.7",171,"T",220,NA,"56",214,"Al-Co-Cr-Fe-Mn-Ni"
"Al0.38CoCrFeMnNi",7.64684014869889,0.139245509522455,4.54159774890551,-7.84676828678432,14.5588796338014,"28","FCC","7.5",182,"T",244,NA,"45",209,"Al-Co-Cr-Fe-Mn-Ni"
"Al0.43CoCrFeMnNi",7.60405156537753,0.139293006428744,4.65762060482465,-8.25235968241371,14.6232511948512,"28","FCC+BCC","7.4",183,"T",285,NA,"35",208,"Al-Co-Cr-Fe-Mn-Ni"
"Al0.49CoCrFeMnNi",7.55373406193078,0.139332475661368,4.78660659040071,-8.71795382231645,14.6883047751988,"28","FCC+BCC","7.4",220,"T",331,NA,"29",206,"Al-Co-Cr-Fe-Mn-Ni"
"Al0.56CoCrFeMnNi",7.49640287769784,0.139355879220948,4.92455693256293,-9.23347652813001,14.7498325177526,"28","FCC+BCC","7.3",278,"T",526,NA,"16",204,"Al-Co-Cr-Fe-Mn-Ni"
"Al0.62CoCrFeMnNi",7.44839857651246,0.139357812996112,5.03325899560086,-9.65286660503287,14.792000280773,"28","FCC+BCC","7.2",405,"T",833,NA,"5",203,"Al-Co-Cr-Fe-Mn-Ni"
"Al0.68CoCrFeMnNi",7.40140845070423,0.13934411499754,5.13408663190833,-10.0525689347352,14.8257019867825,"28","FCC+BCC","7.2",486,NA,NA,NA,NA,202,"Al-Co-Cr-Fe-Mn-Ni"
"Al0.75CoCrFeMnNi",7.34782608695652,0.139309667162187,5.24276321493051,-10.4952741020794,14.8556466093576,"28","FCC+BCC","7.1",530,NA,NA,NA,NA,200,"Al-Co-Cr-Fe-Mn-Ni"
"Al0.81CoCrFeMnNi",7.30292598967298,0.139265341359009,5.32897291083994,-10.8555194468555,14.8742260937702,"28","FCC+BCC","7.0",539,NA,NA,NA,NA,199,"Al-Co-Cr-Fe-Mn-Ni"
"Al0.88CoCrFeMnNi",7.25170068027211,0.139197537562336,5.42223053004365,-11.2545698551529,14.8886108221817,"28","FCC+BCC","7.0",533,NA,NA,NA,NA,197,"Al-Co-Cr-Fe-Mn-Ni"
"Al0.95CoCrFeMnNi",7.20168067226891,0.139113579833391,5.50832972387912,-11.6319468964056,14.896032463816,"28","FCC+BCC","6.9",535,NA,NA,NA,NA,196,"Al-Co-Cr-Fe-Mn-Ni"
"Al1.25CoCrFeMnNi",7,0.138596392449443,5.81048240690323,-13.0304,14.8658663318791,"28","BCC","6.6",539,NA,NA,NA,NA,190,"Al-Co-Cr-Fe-Mn-Ni"
"CoCrNi",8.33333333333333,0.111455023315337,0.164559903976748,-4.88888888888889,9.13437080597477,"5","FCC","8.3",NA,"T",300,860,"60",229,"Al-Co-Cr-Fe-Mn-Ni"
"CoMnNi",8.66666666666667,0.163095064303001,3.73468261958704,-5.77777777777778,9.13437080597477,"5","FCC","8.4",NA,"T",231,653,"38",202,"Al-Co-Cr-Fe-Mn-Ni"
"FeMnNi",8.33333333333333,0.154344492037203,3.92854270566834,-4.44444444444444,9.13437080597477,"5","FCC","8.1",NA,"T",221,602,"36",203,"Al-Co-Cr-Fe-Mn-Ni"
"CoCrFeNi",8.25,0.0966953980290686,0.302115884766774,-3.75,11.526292643288,"5","FCC","8.2",NA,"T",274,708,"39",225,"Al-Co-Cr-Fe-Mn-Ni"
"CoCrMnNi",8,0.150499169432924,3.44699293760541,-5.5,11.526292643288,"5","FCC","8.1",NA,"T",282,694,"44",222,"Al-Co-Cr-Fe-Mn-Ni"
"CoFeMnNi",8.5,0.142894191624432,3.55124952173435,-4,11.526292643288,"5","FCC","8.2",NA,"T",170,550,"41",205,"Al-Co-Cr-Fe-Mn-Ni"
"Al0.5CrFe1.5MnNi0.5",7,0.128764307607272,5.16325227881397,-7.25925925925926,12.6625529781162,"30","BCC","7.0",396,NA,NA,NA,NA,206,"Al-Co-Cr-Fe-Mn-Ni"
"Al0.3CrFe1.5MnNi0.5",7.18604651162791,0.129693652438983,4.70274866499347,-5.50567874526771,12.3201239169719,"30","FCC+BCC","7.2",297,NA,NA,NA,NA,213,"Al-Co-Cr-Fe-Mn-Ni"
"AlCoCrFeMo0.5",6.44444444444444,0.168288406179157,6.05086334665114,-10.2716049382716,13.1459448815993,"23","B2+Im","6.8",857,NA,NA,NA,NA,NA,"Al-Co-Cr-Fe-Mn-Ni"
"AlCrFeNi",6.75,0.122142335003061,6.26002632028168,-13.25,11.526292643288,"31","BCC+B2","6.3",472,"C",1406,2927,"29",190,"Al-Co-Cr-Fe-Mn-Ni"
"AlCrFeNiMo0.2",6.71428571428571,0.14744229049002,6.20400660499404,-12.6530612244898,12.5691762279403,"31","BCC+B2","6.5",549,"C",1487,3222,"29",197,"Al-Co-Cr-Fe-Mn-Ni"
"AlCrFeNiMo0.5",6.66666666666667,0.172225806414317,6.11217739577749,-11.8518518518518,13.1459448815993,"31","BCC+B2","6.8",622,"C",1749,2644,"13",205,"Al-Co-Cr-Fe-Mn-Ni"
"AlCrFeNiMo0.8",6.625,0.188402918560786,6.01540000810555,-11.1458333333333,13.3514181977155,"31","B2+Im","7.0",854,"C",1513,1513,"< 1",NA,"Al-Co-Cr-Fe-Mn-Ni"
"AlCrFeNiMo",6.6,0.196224361382577,5.94976977802214,-10.72,13.3816113591719,"31","B2+Im","7.2",905,NA,NA,NA,NA,NA,"Al-Co-Cr-Fe-Mn-Ni"
"CoCrCuFe",8.5,0.0944391338376205,1.11058916193439,6.25,11.526292643288,"32","FCC","8.2",134,NA,NA,NA,NA,206,"Al-Co-Cr-Cu-Fe-Mn-Ni"
"Al0.3CoCrCuFe",8.11627906976744,0.105313151715649,3.71812999867441,2.74743104380746,12.8259991648031,"32","FCC","7.7",180,NA,NA,NA,NA,194,"Al-Co-Cr-Cu-Fe-Mn-Ni"
"Al0.5CoCrCuFe",7.88888888888889,0.110364155927458,4.49079482256572,0.888888888888889,13.1459448815993,"32","FCC","7.4",207,NA,NA,NA,NA,187,"Al-Co-Cr-Cu-Fe-Mn-Ni"
"Al0.8CoCrCuFe",7.58333333333333,0.115811598680309,5.23797641710085,-1.35416666666667,13.3514181977155,"32","FCC+BCC","7.0",271,NA,NA,NA,NA,177,"Al-Co-Cr-Cu-Fe-Mn-Ni"
"AlCoCrCuFe",7.4,0.1184229707447,5.57953969060535,-2.56,13.3816113591719,"32","FCC+BCC","6.8",407,NA,NA,NA,NA,172,"Al-Co-Cr-Cu-Fe-Mn-Ni"
"Al1.3CoCrCuFe",7.15094339622642,0.121250456466387,5.94792750881492,-4.02990388038448,13.3310212571862,"32","FCC+BCC","6.5",476,NA,NA,NA,NA,165,"Al-Co-Cr-Cu-Fe-Mn-Ni"
"Al1.5CoCrCuFe",7,0.122582406082568,6.12619430837907,-4.82644628099174,13.2546394269215,"32","FCC+BCC","6.3",510,NA,NA,NA,NA,167,"Al-Co-Cr-Cu-Fe-Mn-Ni"
"Al1.8CoCrCuFe",6.79310344827586,0.123960601312532,6.32288752419999,-5.8026159334126,13.0989483478243,"32","FCC+BCC","6.0",557,NA,NA,NA,NA,155,"Al-Co-Cr-Cu-Fe-Mn-Ni"
"Al2.0CoCrCuFe",6.66666666666667,0.124554762610222,6.41843731875865,-6.33333333333333,12.9764683537374,"32","FCC+BCC","5.9",567,NA,NA,NA,NA,152,"Al-Co-Cr-Cu-Fe-Mn-Ni"
"Al2.3CoCrCuFe",6.49206349206349,0.125071911791471,6.52212085691378,-6.98412698412698,12.7749365104035,"32","FCC+BCC","5.7",603,NA,NA,NA,NA,147,"Al-Co-Cr-Cu-Fe-Mn-Ni"
"Al2.5CoCrCuFe",6.38461538461539,0.125216971456861,6.57052631145424,-7.33727810650888,12.6328503678385,"32","FCC+BCC","5.6",624,NA,NA,NA,NA,144,"Al-Co-Cr-Cu-Fe-Mn-Ni"
"Al2.8CoCrCuFe",6.23529411764706,0.125200531190489,6.61927071684786,-7.7681660899654,12.4131740429073,"32","BCC","5.5",657,NA,NA,NA,NA,140,"Al-Co-Cr-Cu-Fe-Mn-Ni"
"Al3.0CoCrCuFe",6.14285714285714,0.125063249304224,6.63901022979515,-8,12.2644668471876,"32","BCC","5.4",644,NA,NA,NA,NA,138,"Al-Co-Cr-Cu-Fe-Mn-Ni"
"CoCrCu0.5FeNi",8.55555555555556,0.0945685459153476,0.835312487558421,0.493827160493827,13.1459448815993,"33","FCC","8.3",172,NA,NA,NA,NA,214,"Al-Co-Cr-Cu-Fe-Mn-Ni"
"CoCrCuFeNi",8.8,0.092217135067188,1.03320366050645,3.2,13.3816113591719,"34","FCC","8.3",132,"C",230,NA,NA,56,"Al-Co-Cr-Cu-Fe-Mn-Ni"
"CoCrCuFeNi",8.8,0.092217135067188,1.03320366050645,3.2,13.3816113591719,"45","FCC","8.3",286,"C",230,888,"51",56,"Al-Co-Cr-Cu-Fe-Mn-Ni"
"CoCrCuFeNi",8.8,0.092217135067188,1.03320366050645,3.2,13.3816113591719,"13","FCC","8.3",286,NA,NA,NA,NA,206,"Al-Co-Cr-Cu-Fe-Mn-Ni"
"CoCrCuFeNiTi0.5",8.36363636363636,0.122359718970118,4.82217839374796,-3.70247933884298,14.6979866791612,"25","FCC","7.8",NA,"C",700,1650,"29",93,"Al-Co-Cr-Cu-Fe-Mn-Ni"
"CoCrCuFeNiTi0.5",8.36363636363636,0.122359718970118,4.82217839374796,-3.70247933884298,14.6979866791612,"35","FCC","7.8",NA,"C",700,1650,"22",99,"Al-Co-Cr-Cu-Fe-Mn-Ni"
"CoCrCuFeNiTi0.8",8.13793103448276,0.133225779053899,5.70002416230472,-6.7538644470868,14.871549973291,"35","FCC+Im","7.6",NA,"C",1042,1848,"3",128,"Al-Co-Cr-Cu-Fe-Mn-Ni"
"CoCrCuFeNiTi",8,0.138764388643324,6.11734178895808,-8.44444444444444,14.8975171276187,"35","FCC","7.4",NA,"C",1272,1272,"2",77,"Al-Co-Cr-Cu-Fe-Mn-Ni"
"Al0.25CoCrCu0.5FeNiTi0.5",7.85714285714286,0.128281860867639,5.58748493729332,-9.08843537414966,15.4338885900476,"25","FCC","7.4",NA,NA,NA,NA,NA,198,"Al-Co-Cr-Cu-Fe-Mn-Ni"
"Al0.25CoCrCu0.75FeNiTi0.5",8,0.127374147901837,5.45924974389159,-7.28099173553719,15.5480802316715,"25","FCC","7.5",NA,"C",750,1970,"39",103,"Al-Co-Cr-Cu-Fe-Mn-Ni"
"Al0.3CoCrCuFeNi",8.47169811320755,0.103682635960145,3.42268564184895,0.156639373442506,14.4327116897301,"34","FCC","7.9",180,NA,NA,NA,NA,198,"Al-Co-Cr-Cu-Fe-Mn-Ni"
"Al0.5CoCrCuFeNi",8.27272727272727,0.109325505330195,4.1692078610563,-1.52066115702479,14.6979866791612,"34","FCC","7.6",210,"C",388,NA,NA,193,"Al-Co-Cr-Cu-Fe-Mn-Ni"
"Al0.5CoCrCuFeNi",8.27272727272727,0.109325505330195,4.1692078610563,-1.52066115702479,14.6979866791612,"36",NA,"7.6",300,NA,NA,NA,NA,193,"Al-Co-Cr-Cu-Fe-Mn-Ni"
"Al0.5CoCrCuFeNi",8.27272727272727,0.109325505330195,4.1692078610563,-1.52066115702479,14.6979866791612,"37","FCC","7.6",225,NA,NA,NA,NA,193,"Al-Co-Cr-Cu-Fe-Mn-Ni"
"Al0.5CoCrCuFeNi",8.27272727272727,0.109325505330195,4.1692078610563,-1.52066115702479,14.6979866791612,"38","FCC","7.6",215,NA,NA,NA,NA,193,"Al-Co-Cr-Cu-Fe-Mn-Ni"
"Al0.8CoCrCuFeNi",8,0.115776857006534,4.9216676377131,-3.61474435196195,14.871549973291,"21","FCC+BCC","7.3",270,NA,NA,NA,NA,187,"Al-Co-Cr-Cu-Fe-Mn-Ni"
"Al0.8CoCrCuFeNi",8,0.115776857006534,4.9216676377131,-3.61474435196195,14.871549973291,"34","FCC","7.3",270,NA,NA,NA,NA,187,"Al-Co-Cr-Cu-Fe-Mn-Ni"
"AlCoCrCuFeNi",7.83333333333333,0.119082137852642,5.28113059928536,-4.77777777777778,14.8975171276187,"34","FCC+BCC","7.1",406,"C",950,NA,NA,183,"Al-Co-Cr-Cu-Fe-Mn-Ni"
"AlCoCrCuFeNi",7.83333333333333,0.119082137852642,5.28113059928536,-4.77777777777778,14.8975171276187,"39","FCC+BCC","7.1",472,NA,NA,NA,NA,184,"Al-Co-Cr-Cu-Fe-Mn-Ni"
"AlCoCrCuFeNi",7.83333333333333,0.119082137852642,5.28113059928536,-4.77777777777778,14.8975171276187,"40","FCC+BCC","7.1",NA,"C",1303,NA,"24",183,"Al-Co-Cr-Cu-Fe-Mn-Ni"
"AlCoCrCuFeMnNi",7.71428571428571,0.140378497103294,5.18261284831395,-5.63265306122449,16.1791971926054,"40","FCC+BCC+Im","7.1",NA,"C",1005,NA,"15",NA,"Al-Co-Cr-Cu-Fe-Mn-Ni"
"AlCoCrCuFeNiTi",7.28571428571428,0.142571142284282,6.7778862080301,-13.7959183673469,16.1791971926054,"40","FCC+BCC","6.6",NA,"C",1234,NA,"9",174,"Al-Co-Cr-Cu-Fe-Mn-Ni"
"AlCoCrCuFeNiV",7.42857142857143,0.124997959167013,4.95407653522235,-7.75510204081633,16.1791971926054,"40","FCC+BCC","6.9",NA,"C",1469,NA,"16",175,"Al-Co-Cr-Cu-Fe-Mn-Ni"
"Al1.3CoCrCuFeNi",7.6031746031746,0.122938531754992,5.68639121189799,-6.23834719072815,14.8530472777025,"34","FCC+BCC","6.8",470,NA,NA,NA,NA,178,"Al-Co-Cr-Cu-Fe-Mn-Ni"
"Al1.5CoCrCuFeNi",7.46153846153846,0.124933118201975,5.89250351886058,-7.05325443786982,14.7850543474267,"34","FCC+BCC","6.6",506,NA,NA,NA,NA,133,"Al-Co-Cr-Cu-Fe-Mn-Ni"
"Al1.8CoCrCuFeNi",7.26470588235294,0.127256450336512,6.13258336992108,-8.0795847750865,14.6445292751451,"34","FCC+BCC","6.4",650,NA,NA,NA,NA,170,"Al-Co-Cr-Cu-Fe-Mn-Ni"
"Al2CoCrCuFeNi",7.14285714285714,0.128444381674223,6.25704614161524,-8.6530612244898,14.53258395785,"34","FCC+BCC","6.3",560,"C",1620,NA,NA,167,"Al-Co-Cr-Cu-Fe-Mn-Ni"
"Al2.3CoCrCuFeNi",6.97260273972603,0.129795514508067,6.4029950192206,-9.37511728279227,14.3461972225186,"34","FCC+BCC","6.1",600,NA,NA,NA,NA,163,"Al-Co-Cr-Cu-Fe-Mn-Ni"
"Al2.5CoCrCuFeNi",6.86666666666667,0.130459018682326,6.47848439741925,-9.77777777777778,14.2133474976601,"34","FCC+BCC","6.0",620,NA,NA,NA,NA,161,"Al-Co-Cr-Cu-Fe-Mn-Ni"
"Al2.8CoCrCuFeNi",6.71794871794872,0.131165813926237,6.56588779244712,-10.2827087442472,14.0058516591529,"34","BCC","5.8",650,NA,NA,NA,NA,157,"Al-Co-Cr-Cu-Fe-Mn-Ni"
"Al3CoCrCuFeNi",6.625,0.131475995907998,6.61000258841885,-10.5625,13.8640499126914,"41","BCC","5.7",640,NA,NA,NA,NA,153,"Al-Co-Cr-Cu-Fe-Mn-Ni"
"Al0.5B0.2CoCrCuFeNi",8.08771929824561,0.115064182445587,7.79030110222004,-4.00123114804555,15.4461103230218,"36",NA,"7.7",415,NA,NA,NA,NA,NA,"Al-Co-Cr-Cu-Fe-Mn-Ni"
"Al0.5B0.6CoCrCuFeNi",7.75409836065574,0.123483001255365,11.6660686583024,-8.00859983875302,15.9250997994422,"36",NA,"7.7",505,NA,NA,NA,NA,NA,"Al-Co-Cr-Cu-Fe-Mn-Ni"
"Al0.5BCoCrCuFeNi",7.46153846153846,0.129139161670359,14.1023090590227,-11.0295857988166,16.0063481762449,"36",NA,"7.8",736,NA,NA,NA,NA,NA,"Al-Co-Cr-Cu-Fe-Mn-Ni"
"Al0.5CoCrCu0.5FeNiTi0.5",7.63636363636364,0.130877521445948,5.96801745415941,-10.8429752066116,15.7458314649146,"25","FCC+BCC","7.1",NA,"C",1580,2389,"17",161,"Al-Co-Cr-Cu-Fe-Mn-Ni"
"Al0.5CoCrCuFeNiTi0.2",8.12280701754386,0.118750030373714,4.9313700345085,-4.14896891351185,15.4461103230218,"37","FCC","7.5",272,NA,NA,NA,NA,191,"Al-Co-Cr-Cu-Fe-Mn-Ni"
"Al0.5CoCrCuFeNiTi0.4",7.98305084745763,0.126242176169269,5.4909984624783,-6.42344153978742,15.7626833055453,"37","FCC","7.3",321,NA,NA,NA,NA,188,"Al-Co-Cr-Cu-Fe-Mn-Ni"
"Al0.5CoCrCuFeNiTi0.6",7.85245901639344,0.132308387004381,5.92152070741318,-8.39559258263908,15.9250997994422,"37","FCC+BCC","7.2",458,NA,NA,NA,NA,186,"Al-Co-Cr-Cu-Fe-Mn-Ni"
"Al0.5CoCrCuFeNiTi0.8",7.73015873015873,0.137280023997165,6.26160772726052,-10.1083396321492,15.9961697163627,"37","FCC+BCC","7.1",590,NA,NA,NA,NA,184,"Al-Co-Cr-Cu-Fe-Mn-Ni"
"Al0.5CoCrCuFeNiTi",7.61538461538461,0.141387879764776,6.53474650091307,-11.5976331360947,16.0063481762449,"37","FCC+BCC+Im","7.0",636,NA,NA,NA,NA,NA,"Al-Co-Cr-Cu-Fe-Mn-Ni"
"Al0.5CoCrCuFeNiTi1.2",7.50746268656717,0.144799967261897,6.75648488899279,-12.8937402539541,15.9735819595599,"37","FCC+BCC+Im","6.9",646,NA,NA,NA,NA,NA,"Al-Co-Cr-Cu-Fe-Mn-Ni"
"Al0.5CoCrCuFeNiTi1.4",7.40579710144928,0.14764268247604,6.9377252232968,-14.0222642302037,15.9095557604759,"37","FCC+BCC+Im","6.8",664,NA,NA,NA,NA,NA,"Al-Co-Cr-Cu-Fe-Mn-Ni"
"Al0.5CoCrCuFeNiTi1.6",7.30985915492958,0.150013554899022,7.08643330686994,-15.0049593334656,15.82235297783,"37","FCC+BCC+Im","6.7",657,NA,NA,NA,NA,NA,"Al-Co-Cr-Cu-Fe-Mn-Ni"
"Al0.5CoCrCuFeNiTi1.8",7.21917808219178,0.151989372572944,7.20861150714364,-15.8603865640833,15.7177971909893,"37","FCC+BCC+Im","6.6",667,NA,NA,NA,NA,NA,"Al-Co-Cr-Cu-Fe-Mn-Ni"
"Al0.5CoCrCuFeNiTi2",7.13333333333333,0.153631593972941,7.30889232976231,-16.6044444444444,15.6002065791739,"37","FCC+BCC+Im","6.5",696,NA,NA,NA,NA,NA,"Al-Co-Cr-Cu-Fe-Mn-Ni"
"Al0.5CoCrCuFeNiV0.2",8.1578947368421,0.11268157604859,4.14569807318595,-2.49923053247153,15.4461103230218,"38","FCC","7.6",204,NA,NA,NA,NA,191,"Al-Co-Cr-Cu-Fe-Mn-Ni"
"Al0.5CoCrCuFeNiV0.4",8.05084745762712,0.115392489363699,4.12013761614488,-3.34386670496984,15.7626833055453,"38","FCC+BCC","7.5",231,NA,NA,NA,NA,189,"Al-Co-Cr-Cu-Fe-Mn-Ni"
"Al0.5CoCrCuFeNiV0.6",7.95081967213115,0.117586816863687,4.09303801293303,-4.07417360924483,15.9250997994422,"38","FCC+BCC+Im","7.5",328,NA,NA,NA,NA,NA,"Al-Co-Cr-Cu-Fe-Mn-Ni"
"Al0.5CoCrCuFeNiV0.8",7.85714285714286,0.119361490996384,4.06480450504864,-4.70647518266566,15.9961697163627,"38","FCC+BCC+Im","7.4",447,NA,NA,NA,NA,NA,"Al-Co-Cr-Cu-Fe-Mn-Ni"
"Al0.5CoCrCuFeNiV1.0",7.76923076923077,0.120791276772699,4.03575967189854,-5.25443786982249,16.0063481762449,"38","FCC+BCC+Im","7.4",639,NA,NA,NA,NA,NA,"Al-Co-Cr-Cu-Fe-Mn-Ni"
"Al0.5CoCrCuFeNiV1.2",7.68656716417911,0.12193490917775,4.00616126562859,-5.7295611494765,15.9735819595599,"38","BCC","7.3",579,NA,NA,NA,NA,182,"Al-Co-Cr-Cu-Fe-Mn-Ni"
"Al0.5CoCrCuFeNiV1.4",7.60869565217391,0.12283923233491,3.97621582086042,-6.14156689771056,15.9095557604759,"38","BCC","7.3",577,NA,NA,NA,NA,180,"Al-Co-Cr-Cu-Fe-Mn-Ni"
"Al0.5CoCrCuFeNiV1.6",7.53521126760563,0.123542083114772,3.94608913947894,-6.49871057329895,15.82235297783,"38","BCC","7.2",594,NA,NA,NA,NA,179,"Al-Co-Cr-Cu-Fe-Mn-Ni"
"Al0.5CoCrCuFeNiV1.8",7.46575342465753,0.12407435467073,3.91591443784519,-6.80803152561456,15.7177971909893,"38","BCC","7.2",597,NA,NA,NA,NA,177,"Al-Co-Cr-Cu-Fe-Mn-Ni"
"Al0.5CoCrCuFeNiV2.0",7.4,0.124461506766818,3.88579872734967,-7.07555555555555,15.6002065791739,"38","BCC","7.2",587,NA,NA,NA,NA,176,"Al-Co-Cr-Cu-Fe-Mn-Ni"
"Al0.75CoCrCu0.25FeNiTi0.5",7.27272727272727,0.13298931169381,6.38103240798432,-14.3884297520661,15.5480802316715,"25","FCC+BCC","6.8",NA,"C",1900,2697,"12",164,"Al-Co-Cr-Cu-Fe-Mn-Ni"
"AlCoCrCuNiTi",7.16666666666667,0.150996688705415,6.9000741920541,-16.6666666666667,14.8975171276187,"42","BCC","6.4",NA,"C",NA,1495,"8",36,"Al-Co-Cr-Cu-Fe-Mn-Ni"
"AlCoCrCuNiTiY0.5",6.84615384615385,0.202464110341392,11.4593190623263,-12.2603550295858,16.0063481762449,"42","Im","6.1",NA,"C",NA,1025,"3",36,"Al-Co-Cr-Cu-Fe-Mn-Ni"
"AlCoCrCuNiTiY0.8",6.67647058823529,0.221983820601855,12.8876357461132,-10.1384083044983,16.1564541909844,"42","Im","5.9",NA,"C",NA,1325,"5",38,"Al-Co-Cr-Cu-Fe-Mn-Ni"
"AlCoCrCuNiTiY",6.57142857142857,0.232247229284235,13.5869403008606,-8.89795918367347,16.1791971926054,"42","Im","5.8",NA,"C",NA,1192,"4",37,"Al-Co-Cr-Cu-Fe-Mn-Ni"
"AlCoFeNi",7.5,0.117553179455087,6.23736371731207,-13.75,11.526292643288,"4","BCC","6.6",456,"C",964,NA,NA,173,"Al-Co-Cr-Cu-Fe-Mn-Ni"
"AlCoFeNiTiVZr",6.14285714285714,0.19448519171371,9.41329659386903,-31.4285714285714,16.1791971926054,"27","BCC","6.2",790,NA,NA,NA,NA,143,"Al-Co-Cr-Cu-Fe-Mn-Ni"
"CoCuFeNi",9.5,0.0308220700148448,1.14037875965511,5,11.526292643288,"43","FCC","8.6",NA,"T",NA,480,"15",188,"Al-Co-Cr-Cu-Fe-Mn-Ni"
"CoCuFeNiSn0.02",9.4726368159204,0.0312562956208857,2.34414956476432,5.01967773074924,11.7295841022802,"43","FCC","8.6",NA,"T",NA,548,"17",187,"Al-Co-Cr-Cu-Fe-Mn-Ni"
"CoCuFeNiSn0.04",9.44554455445545,0.0316754322238542,3.09561814716757,5.03872169395157,11.8740067003568,"43","FCC+Im","8.6",NA,"T",NA,594,"18",NA,"Al-Co-Cr-Cu-Fe-Mn-Ni"
"CoCuFeNiSn0.05",9.4320987654321,0.0318795936228728,3.4040677129722,5.0480109739369,11.9370842091239,"43","FCC+Im","8.6",NA,"T",NA,615,"20",NA,"Al-Co-Cr-Cu-Fe-Mn-Ni"
"CoCuFeNiSn0.07",9.40540540540541,0.0322775693648379,3.93967166149855,5.06613381306256,12.0508129906618,"43","FCC+Im","8.6",NA,"T",NA,632,"19",NA,"Al-Co-Cr-Cu-Fe-Mn-Ni"
"CoCuFeNiSn0.1",9.36585365853659,0.0328499554289426,4.60820926844327,5.09220701963117,12.1985437569033,"43","FCC+Im","8.6",NA,"T",NA,602,"5",NA,"Al-Co-Cr-Cu-Fe-Mn-Ni"
"CoCuFeNiSn0.2",9.23809523809524,0.0345689360245362,6.22783491293171,5.17006802721088,12.5691762279403,"43","FCC+Im","8.5",NA,"T",NA,261,"2",NA,"Al-Co-Cr-Cu-Fe-Mn-Ni"
"CoCuFeNiSn0.5",8.88888888888889,0.0384258143684235,8.94517426887957,5.33333333333333,13.1459448815993,"43","FCC+Im","8.3",NA,NA,NA,NA,NA,NA,"Al-Co-Cr-Cu-Fe-Mn-Ni"
"AlCoCuFeNi",8.2,0.111462998344742,5.60947223474803,-5.28,13.3816113591719,"39","FCC+BCC","7.0",536,NA,NA,NA,NA,164,"Al-Co-Cr-Cu-Fe-Mn-Ni"
"AlCoCuFeNbNi",7.66666666666667,0.13208793367383,6.40010022061313,-13.2222222222222,14.8975171276187,"39","Im","7.4",578,NA,NA,NA,NA,NA,"Al-Co-Cr-Cu-Fe-Mn-Ni"
"AlCoCuFeNiSi",7.5,0.105422430672456,6.58188286445521,-20.4444444444444,14.8975171276187,"39","FCC+BCC","5.9",682,NA,NA,NA,NA,145,"Al-Co-Cr-Cu-Fe-Mn-Ni"
"AlCoCuFeNiTi",7.5,0.147356333046425,6.98876104226814,-16.8888888888889,14.8975171276187,"39","FCC+BCC","6.5",626,NA,NA,NA,NA,156,"Al-Co-Cr-Cu-Fe-Mn-Ni"
"AlCoCuFeNiZr",7.5,0.211002896241313,9.99925165285507,-23.8888888888889,14.8975171276187,"39","FCC+BCC+Im","6.9",472,NA,NA,NA,NA,NA,"Al-Co-Cr-Cu-Fe-Mn-Ni"
"CoCuFeMnNi",9,0.134848062648301,3.17893412710279,1.76,13.3816113591719,"44","FCC","8.4",208,"T",NA,478,"14",190,"Al-Co-Cr-Cu-Fe-Mn-Ni"
"CoCuFeMnNiSn0.03",8.97017892644135,0.134914497630057,3.79436318618354,1.77226897066903,13.6052366125954,"44","FCC","8.4",192,"T",NA,465,"18",NA,"Al-Co-Cr-Cu-Fe-Mn-Ni"
"CoCuFeMnNiSn0.05",8.95049504950495,0.134955252961606,4.14558666658201,1.78021762572297,13.7109559240043,"44","FCC+Im","8.4",205,"T",NA,475,"12",NA,"Al-Co-Cr-Cu-Fe-Mn-Ni"
"CoCuFeMnNiSn0.08",8.92125984251969,0.135011245665214,4.61125320080957,1.79180358360717,13.8442995918717,"44","FCC+Im","8.3",219,"T",NA,425,"7",NA,"Al-Co-Cr-Cu-Fe-Mn-Ni"
"CoCuFeMnNiSn0.10",8.90196078431372,0.135045238550678,4.89017520875315,1.79930795847751,13.9216469690734,"44","FCC+Im","8.3",253,"T",NA,470,"6",NA,"Al-Co-Cr-Cu-Fe-Mn-Ni"
"CoCuFeMnNiSn0.20",8.80769230769231,0.135177398236846,6.03231896797547,1.83431952662722,14.2223878725103,"44","FCC+Im","8.3",319,"T",NA,368,"2",NA,"Al-Co-Cr-Cu-Fe-Mn-Ni"
"CrCuFeMnNi",8.4,0.141844985811977,3.19774198159767,2.72,13.3816113591719,"13","FCC+BCC","8.1",296,NA,NA,NA,NA,204,"Al-Co-Cr-Cu-Fe-Mn-Ni"
"CrCuFeMoNi",8.2,0.161170716943246,3.58022880885233,4.64,13.3816113591719,"13","FCC","8.7",263,NA,NA,NA,NA,230,"Al-Co-Cr-Cu-Fe-Mn-Ni"
"AlCrCuFeNi0.6",7.39130434782609,0.123320474814633,5.75975798032429,-2.68431001890359,13.2423259868498,"45","FCC+BCC","6.6",496,NA,NA,NA,NA,176,"Al-Co-Cr-Cu-Fe-Mn-Ni"
"AlCrCuFeNi0.8",7.5,0.123883906227654,5.69361231661391,-3.40277777777778,13.3514181977155,"45","FCC+BCC","6.7",486,NA,NA,NA,NA,177,"Al-Co-Cr-Cu-Fe-Mn-Ni"
"AlCrCuFeNi",7.6,0.12416118556135,5.62808623263726,-4,13.3816113591719,"45","FCC+BCC","6.8",495,NA,NA,NA,NA,178,"Al-Co-Cr-Cu-Fe-Mn-Ni"
"AlCrCuFeNi1.2",7.69230769230769,0.12421350201504,5.56345785869592,-4.49704142011834,13.3578861044391,"45","FCC+BCC","6.8",407,NA,NA,NA,NA,179,"Al-Co-Cr-Cu-Fe-Mn-Ni"
"AlCrCuFeNi1.4",7.77777777777778,0.124087893094451,5.49992287254117,-4.91083676268861,13.2962010278622,"45","FCC+BCC","6.9",367,NA,NA,NA,NA,180,"Al-Co-Cr-Cu-Fe-Mn-Ni"
"AlCrCuFeNi2",8,0.122972444971311,5.3170060747619,-5.77777777777778,12.9764683537374,"46","FCC+BCC","7.1",NA,NA,NA,NA,NA,182,"Al-Co-Cr-Cu-Fe-Mn-Ni"
"AlCrCuFeNiTi",7,0.144846662217517,7.0092151419233,-13.6666666666667,14.8975171276187,"47","BCC+Im","6.3",NA,"C",NA,1219,NA,NA,"Al-Co-Cr-Cu-Fe-Mn-Ni"
"Al0.2CrCuFeNi2",8.76923076923077,0.103988506419967,2.93694857144617,0.118343195266272,12.0057931334165,"46","FCC","8.0",NA,NA,NA,NA,NA,199,"Al-Co-Cr-Cu-Fe-Mn-Ni"
"Al0.4CrCuFeNi2",8.55555555555555,0.11039895230214,3.85942300676328,-1.70096021947874,12.4513331646271,"46","FCC","7.8",NA,NA,NA,NA,NA,194,"Al-Co-Cr-Cu-Fe-Mn-Ni"
"Al0.6CrCuFeNi2",8.35714285714286,0.115506868777116,4.48866717649362,-3.26530612244898,12.7206734211197,"46","FCC","7.5",NA,NA,NA,NA,NA,190,"Al-Co-Cr-Cu-Fe-Mn-Ni"
"Al0.8CrCuFeNi2",8.17241379310345,0.119625853508287,4.95577174197035,-4.61355529131986,12.8842581382414,"46","FCC","7.3",NA,NA,NA,NA,NA,186,"Al-Co-Cr-Cu-Fe-Mn-Ni"
"Al1.2CrCuFeNi2",7.83870967741935,0.125703017860637,5.6031121626581,-6.78459937565036,13.017666308668,"46","FCC+BCC","6.9",NA,NA,NA,NA,NA,178,"Al-Co-Cr-Cu-Fe-Mn-Ni"
"AlCrCuFeNi",7.6,0.12416118556135,5.62808623263726,-4,13.3816113591719,"13","FCC+BCC","6.8",342,NA,NA,NA,NA,178,"Al-Co-Cr-Cu-Fe-Mn-Ni"
"Al1.125CuFe0.75NiTi1.125",6.975,0.157765450907352,7.16810360275494,-19.955,13.299713443611,"48","FCC","5.9",516,"C",980,1326,"7",145,"Al-Co-Cr-Cu-Fe-Mn-Ni"
"Al22.5Cu20Fe15Ni20Ti22.5",6.975,0.157765450907352,7.16810360275494,-19.955,13.299713443611,"48","FCC","5.9",516,"C",980,1326,"7",145,"Al-Co-Cr-Cu-Fe-Mn-Ni"
"AlCuFeNiTi",7.2,0.153544781741354,7.16221446104956,-17.6,13.3816113591719,"48","FCC","6.1",516,"C",1074,1617,"8",146,"Al-Co-Cr-Cu-Fe-Mn-Ni"
"AlCuNiTi",7,0.166883192682786,6.92439948605281,-23.25,11.526292643288,"48","FCC","5.7",537,"C",300,536,"< 1",108,"Al-Co-Cr-Cu-Fe-Mn-Ni"
"AlLi0.5MgSn0.2Zn0.5",3.84375,0.266702776689239,5.67661042053963,-3.88671875,12.308307862866,"49","FCC+Im","2.9",NA,"C",546,546,NA,NA,"Light metal base"
"AlLiMg0.5ScTi1.5",2.8,0.225435134794912,5.16250949585593,-0.4,12.9465586460371,"50","FCC+HCP","2.7",591,NA,NA,NA,NA,69,"Light metal base"
"AlLiMgSnZn",4.4,0.33246954747766,5.88882583013187,-6.08,13.3816113591719,"49","FCC+HCP+Im","3.9",NA,"C",600,615,"1",NA,"Light metal base"
"Al8Li0.5Mg0.5Sn0.5Zn0.5",3.35,0.172687579171173,3.91198628817528,-0.53,6.46583577319914,"49","FCC+Im","3.0",NA,"C",415,836,"16",NA,"Light metal base"
"Al8Cu0.5Li0.5Mg0.5Zn0.5",3.7,0.166523271646938,3.8480057554493,-1.14,6.46583577319914,"49","FCC+Im","2.9",NA,"C",488,879,"17",NA,"Light metal base"
"AlCu0.2Li0.5MgZn0.5",4.28125,0.259780368472581,6.46884148831756,-3.30078125,12.308307862866,"49","Im","2.7",NA,NA,NA,NA,NA,NA,"Light metal base"
"AlCu0.5Li0.5MgSn0.2",3.6875,0.308727225880712,7.7007097059146,-3.65234375,12.308307862866,"49","Im","3.0",NA,NA,NA,NA,NA,NA,"Light metal base"
"AlCr0.5NbTiV",4.44444444444444,0.0376468318802164,5.23251317637547,-15.4074074074074,13.1459448815993,"51","BCC","5.6",NA,"C",1300,1430,"< 1",124,"Refractory metal base"
"AlCrNbTiV",4.6,0.0396988664825584,5.90234915035829,-14.56,13.3816113591719,"51","BCC+Im","5.8",NA,"C",1550,1570,"< 1",NA,"Refractory metal base"
"AlCr1.5NbTiV",4.72727272727273,0.0406964168829079,6.28815451518536,-13.7520661157025,13.2546394269215,"51","FCC+Im","5.9",NA,"C",1700,1700,"< 1",NA,"Refractory metal base"
"Al0.4Hf0.6NbTaTiZr",4.32,0.115838508277688,4.92308412920507,-6.3296,14.5007574285578,"52","BCC","9.1",500,"C",1841,2269,"10",110,"Refractory metal base"
"Al0.3HfNbTaTiZr",4.32075471698113,0.120382681611766,4.97691874934573,-3.98718405126379,14.4327116897301,"53","BCC","9.5",353,"C",1188,NA,"50",63,"Refractory metal base"
"Al0.5HfNbTaTiZr",4.27272727272727,0.121342354279735,4.95959406314836,-7.66942148760331,14.6979866791612,"53","BCC","9.3",396,"C",1302,NA,"46",97,"Refractory metal base"
"Al0.75HfNbTaTiZr",4.21739130434783,0.122148380435846,4.93318942541251,-11.5538752362949,14.8556466093576,"53","BCC","9.3",427,"C",1415,2050,"30",102,"Refractory metal base"
"AlHfNbTaTiZr",4.16666666666667,0.122610494384997,4.90277253655617,-14.7777777777778,14.8975171276187,"53","BCC+Im","8.6",441,"C",1489,1900,"21",103,"Refractory metal base"
"AlMo0.5NbTa0.5TiZr",4.3,0.217614337762933,5.04102482044408,-16.84,14.5342406235007,"52","BCC","7.1",591,"C",2000,2368,"10",123,"Refractory metal base"
"Al0.25MoNbTiV",4.88235294117647,0.243216622087216,4.00339932317602,-6.2560553633218,12.7083710094314,"54","BCC","7.1",460,"C",1250,NA,"13",164,"Refractory metal base"
"Al0.5MoNbTiV",4.77777777777778,0.23783488410821,3.9323927801803,-8.98765432098765,13.1459448815993,"54","BCC","6.8",487,"C",1625,NA,"11",158,"Refractory metal base"
"Al0.75MoNbTiV",4.68421052631579,0.232764905827836,3.8633317515159,-11.1246537396122,13.3328070494741,"54","BCC","6.6",517,"C",1260,NA,"8",154,"Refractory metal base"
"AlMoNbTiV",4.6,0.227982455465327,3.79649776117411,-12.8,13.3816113591719,"54","BCC","6.4",537,"C",1375,NA,"3",150,"Refractory metal base"
"Al0.25NbTaTiV",4.64705882352941,0.0501761602638497,3.83243970909152,-4.81660899653979,12.7083710094314,"55","BCC","8.8",NA,"C",1330,NA,NA,92,"Refractory metal base"
"Al0.5NbTaTiV",4.55555555555556,0.0496158079150358,3.73750476203632,-8.39506172839506,13.1459448815993,"55","BCC","8.5",NA,"C",1014,NA,NA,97,"Refractory metal base"
"AlNbTaTiV",4.4,0.0484148737476408,3.5665443416694,-13.44,13.3816113591719,"55","BCC","7.9",NA,"C",993,NA,NA,101,"Refractory metal base"
"Al0.3NbTa0.8Ti1.4V0.2Zr1.3",4.34,0.106595309465286,5.30475521177744,-4.864,13.4638573412032,"52","BCC","7.7",500,"C",1965,2061,"5",110,"Refractory metal base"
"Al0.5NbTa0.8Ti1.5V0.2Zr",4.3,0.0997214119434738,4.9265411834914,-8.6176,13.7786740949454,"52","BCC","7.6",530,"C",2035,2105,"5",111,"Refractory metal base"
"Al0.3NbTaTi1.4Zr1.3",4.34,0.103184494959272,4.84462245453785,-4.4096,12.6317418922949,"52","BCC","8.1",490,"C",1965,2054,"5",113,"Refractory metal base"
"AlNb1.5Ta0.5Ti1.5Zr0.5",4.2,0.0811233628494283,3.48091016483253,-15.12,12.5115059329022,"52","BCC","6.8",408,"C",1280,1367,"4",106,"Refractory metal base"
"AlNbTiV",4.25,0.0335410196624968,3.94703995988979,-16.25,11.526292643288,"56","BCC","5.5",448,"C",1020,1318,"5",105,"Refractory metal base"
"AlNbTiV",4.25,0.0335410196624968,3.94703995988979,-16.25,11.526292643288,"51","BCC","5.5",NA,"C",1000,1280,"5",105,"Refractory metal base"
"CrHfNbTiZr",4.6,0.144996551683135,8.62653858264762,-4,13.3816113591719,"57","BCC+lm","8.2",455,"C",1375,2130,"3",112,"Refractory metal base"
"CrMo0.5NbTa0.5TiZr",4.9,0.219809008004677,8.04235571388163,-4.92,14.5342406235007,"58","BCC+Im","8.0",540,"C",1595,2046,"5",NA,"Refractory metal base"
"CrNbTiVZr",4.8,0.117881296226331,8.67822800549219,-4.64,13.3816113591719,"59","BCC+Im","6.6",482,"C",1298,NA,"3",NA,"Refractory metal base"
"CrNbTiZr",4.75,0.124373429638327,8.78134081801886,-5,11.526292643288,"59","BCC+Im","6.6",418,"C",1260,NA,"6",NA,"Refractory metal base"
"FeMoNiTiVZr",6.16666666666667,0.268741924943285,9.30257695340689,-19.7777777777778,14.8975171276187,"27","BCC+Im","7.1",740,NA,NA,NA,NA,NA,"Refractory metal base"
"Hf0.5Mo0.5NbTiZr",4.5,0.258988416729397,5.73043790583219,-0.25,12.967079223699,"82","BCC+Im","7.9",400,"C",1178,NA,"25",NA,"Refractory metal base"
"Hf0.5Mo0.5NbSi0.1TiZr",4.48780487804878,0.261445894935423,6.69075605659153,-6.47233789411065,13.6041892012067,"82","BCC+Im","7.7",442,"C",1365,NA,"28",NA,"Refractory metal base"
"Hf0.5Mo0.5NbSi0.3TiZr",4.46511627906977,0.265227434878081,8.12338958818253,-17.2201189832342,14.1662657512319,"82","BCC+Im","7.5",494,"C",1428,NA,"23",NA,"Refractory metal base"
"Hf0.5Mo0.5NbSi0.5TiZr",4.44444444444444,0.267807743828144,9.17394760469664,-26.0740740740741,14.4266440641869,"82","BCC+Im","7.2",524,"C",1605,NA,"23",NA,"Refractory metal base"
"Hf0.5Mo0.5NbSi0.7TiZr",4.42553191489362,0.269467056133641,9.9873404049269,-33.3906745133545,14.5350311946537,"82","BCC+Im","7.0",580,"C",1604,NA,"12",NA,"Refractory metal base"
"Hf0.5Mo0.5NbSi0.9TiZr",4.40816326530612,0.270411628780258,10.6362952201949,-39.4502290712203,14.5506899255426,"82","BCC+Im","6.8",640,"C",1677,NA,"9",NA,"Refractory metal base"
"Hf0.5Mo0.5NbTiZrC0.1",4.48780487804878,0.298721248482699,9.45057517523579,-10.6365258774539,13.6041892012067,"61","BCC+lm","7.8",NA,"C",1183,2139,"38",NA,"Refractory metal base"
"Hf0.5Mo0.5NbTiZrC0.3",4.46511627906977,0.356784661601254,13.9242492245416,-28.5776095186587,14.1662657512319,"61","BCC+lm","7.7",NA,"C",1201,1965,"33",NA,"Refractory metal base"
"HfMo0.25NbTaTiZr",4.47619047619048,0.189533380949982,5.2727167991382,1.56009070294785,14.336146433544,"62","BCC","9.9",395,"C",1112,NA,"50",96,"Refractory metal base"
"HfMo0.5NbTaTiZr",4.54545454545455,0.232176194137054,5.48692891705859,0.59504132231405,14.6979866791612,"62","BCC","10.0",480,"C",1317,NA,"50",102,"Refractory metal base"
"HfMo0.75NbTaTiZr",4.60869565217391,0.262094226840103,5.65342495871315,-0.2117202268431,14.8556466093576,"62","BCC","10.0",492,"C",1373,NA,"50",109,"Refractory metal base"
"HfMoNbTaTiZr",4.66666666666667,0.284395069499377,5.78337074167797,-0.888888888888889,14.8975171276187,"63","BCC","10.0",505,"C",1512,NA,"12",147,"Refractory metal base"
"HfMoNbTaTiZr",4.66666666666667,0.284395069499377,5.78337074167797,-0.888888888888889,14.8975171276187,"62","BCC","10.0",505,"C",1512,NA,"12",115,"Refractory metal base"
"HfMoTaTiZr",4.6,0.311229818622831,6.08790164379207,-1.92,13.3816113591719,"63","BCC","10.2",542,"C",1600,NA,"4",155,"Refractory metal base"
"HfMoNbZrTi",4.6,0.309554518623134,6.09727112093451,-1.6,13.3816113591719,"64","BCC","8.7",NA,"C",1803,1719,"10",139,"Refractory metal base"
"HfNbSi0.5TiV",4.44444444444444,0.171464281994822,9.01514539461924,-24.1975308641975,13.1459448815993,"65","BCC+lm","8.6",490,"C",1399,1608,"11",NA,"Refractory metal base"
"HfNbSi0.5TiVZr",4.36363636363636,0.178672792954464,9.42349354168388,-21.7520661157025,14.6979866791612,"66","BCC+lm","7.8",464,"C",1540,1643,"17",NA,"Refractory metal base"
"HfNbTaZr",4.5,0.123161479367536,5.3632163199268,3.5,11.526292643288,"67","BCC","11.1",365,"C",1315,NA,NA,109,"Refractory metal base"
"Hf0.5Nb0.5Ta0.5Ti1.5Zr",4.25,0.111691539518443,4.78830528611286,1.875,12.4232633322804,"68","BCC","8.1",301,"T",903,990,"19",107,"Refractory metal base"
"HfNbTaTiZr",4.4,0.118253963992756,4.99441745961379,2.72,13.3816113591719,"62","BCC","9.9",335,"C",1015,NA,"50",85,"Refractory metal base"
"HfNbTaTiZr",4.4,0.118253963992756,4.99441745961379,2.72,13.3816113591719,"53","BCC","9.7",295,"C",1073,NA,"50",55,"Refractory metal base"
"HfNbTaTiZr",4.4,0.118253963992756,4.99441745961379,2.72,13.3816113591719,"69, 70","BCC","9.9",390,"C",929,NA,"50",111,"Refractory metal base"
"HfNbTiVZr",4.4,0.138130373198656,7.06735243110203,0.16,13.3816113591719,"57","BCC+lm","8.1",388,"C",1170,1463,"30",128,"Refractory metal base"
"HfNbTiZr",4.25,0.129687123493429,4.87238659432741,2.5,11.526292643288,"71","BCC","8.4",NA,"T",879,969,"15",92,"Refractory metal base"
"MoNbTaV",5.25,0.257135664581948,3.46488592371355,-3.25,11.526292643288,"72","BCC","10.7",504,"C",1525,2400,"21",187,"Refractory metal base"
"MoNbTaVW",5.4,0.343394816501356,3.14801812009908,-4.64,13.3816113591719,"73","BCC","12.4",536,"C",1246,1270,"2",232,"Refractory metal base"
"MoNbTaW",5.5,0.363696301878367,2.31046190197619,-6.5,11.526292643288,"73","BCC","13.7",454,"C",1058,1211,"2",258,"Refractory metal base"
"MoNbTiV",5,0.248935232540515,4.07583891888636,-2.75,11.526292643288,"54","BCC","7.3",441,"C",1200,NA,"26",170,"Refractory metal base"
"Mo0.3NbTiVZr",4.6046511627907,0.197323902639116,7.0070827308723,-1.25473228772309,12.8259991648031,"74","BCC","6.7",NA,"C",1289,NA,"42",NA,"Refractory metal base"
"Mo0.5NbTiVZr",4.66666666666667,0.228089217978458,6.96940697116747,-1.77777777777778,13.1459448815993,"74","BCC","6.8",NA,"C",1473,NA,"32",NA,"Refractory metal base"
"Mo0.7NbTiVZr",4.72340425531915,0.250581939261974,6.92601928639899,-2.20914440923495,13.3088298496231,"74","BCC","7.0",NA,"C",1706,NA,"32",NA,"Refractory metal base"
"MoNbTiVZr",4.8,0.27476535443902,6.85341366319693,-2.72,13.3816113591719,"74","BCC","7.1",NA,"C",1779,NA,"32",NA,"Refractory metal base"
"Mo1.3NbTiVZr",4.86792452830189,0.291553089483175,6.7749371469547,-3.10430758276967,13.3310212571862,"74","BCC","7.3",NA,"C",1496,NA,"30",NA,"Refractory metal base"
"Mo1.5NbTiVZr",4.90909090909091,0.299933877010438,6.72063331352158,-3.30578512396694,13.2546394269215,"74","BCC","7.4",NA,"C",1603,NA,"20",NA,"Refractory metal base"
"Mo1.7NbTiVZr",4.94736842105263,0.306634347327417,6.66539177797723,-3.47183748845799,13.1552144773089,"74","BCC","7.5",NA,"C",1645,NA,"15",NA,"Refractory metal base"
"Mo2NbTiVZr",5,0.314253966650471,6.58167005904167,-3.66666666666667,12.9764683537374,"74","BCC","7.6",NA,"C",1765,NA,"12",NA,"Refractory metal base"
"MoNbTiV0.25Zr",4.76470588235294,0.297856238981738,6.31633505159961,-2.60207612456747,12.7083710094314,"75","BCC","7.3",NA,"C",1776,3893,"30",153,"Refractory metal base"
"MoNbTiV0.50Zr",4.77777777777778,0.289524940822073,6.55420476181831,-2.66666666666667,13.1459448815993,"75","BCC","7.2",NA,"C",1647,3307,"28",152,"Refractory metal base"
"MoNbTiV0.75Zr",4.78947368421053,0.281855741967018,6.72756938649073,-2.70360110803324,13.3328070494741,"75","BCC","7.2",NA,"C",1708,3929,"29",150,"Refractory metal base"
"MoNbTiV1.0Zr",4.8,0.27476535443902,6.85341366319693,-2.72,13.3816113591719,"75","BCC","7.1",NA,"C",1786,3828,"26",149,"Refractory metal base"
"MoNbTiV1.5Zr",4.81818181818182,0.262054817304943,7.0059046173656,-2.71074380165289,13.2546394269215,"75","BCC","7.1",NA,"C",1735,3300,"20",147,"Refractory metal base"
"MoNbTiV2.0Zr",4.83333333333333,0.250959270710519,7.07119924674055,-2.66666666666667,12.9764683537374,"75","BCC","7.0",NA,"C",1538,3176,"23",146,"Refractory metal base"
"MoNbTiV3.0Zr",4.85714285714286,0.232431688450431,7.05856684721702,-2.53061224489796,12.2644668471876,"75","BCC","6.9",NA,"C",1418,2508,"24",143,"Refractory metal base"
"MoNbTiZr",4.75,0.306950728945217,5.98801152985383,-2.5,11.526292643288,"75","BCC","7.3",NA,"C",1592,3450,"34",155,"Refractory metal base"
"NbTaTiV",4.75,0.0506828373317832,3.93470745026409,-0.25,11.526292643288,"55","BCC","9.2",NA,"C",1092,NA,NA,106,"Refractory metal base"
"NbTaVW",5.25,0.342591228726014,3.43216185149348,-4.5,11.526292643288,"76","BCC","12.9",492,"C",1530,NA,"12",208,"Refractory metal base"
"NbTaTiVW",5,0.320224920954007,3.7404471064456,-3.68,13.3816113591719,"76","BCC+HCP","11.1",447,"C",1420,NA,"20",NA,"Refractory metal base"
"NbTiV0.3Zr",4.39393939393939,0.117480436212001,6.00491020358159,1.43250688705234,10.8368589035274,"74","BCC","6.5",NA,"C",866,NA,"45",NA,"Refractory metal base"
"NbTiV0.3Mo0.1Zr",4.44117647058824,0.160399857190869,6.08253918466816,0.795847750865052,11.6213856176288,"74","BCC","6.6",NA,"C",932,NA,"45",NA,"Refractory metal base"
"NbTiV0.3Mo0.3Zr",4.52777777777778,0.213663481515521,6.20068517601409,-0.277777777777778,12.3186743868951,"74","BCC","6.8",NA,"C",1312,NA,"50",NA,"Refractory metal base"
"NbTiV0.3Mo0.5Zr",4.60526315789474,0.247688063360554,6.28055493824312,-1.13573407202216,12.6484188917182,"74","BCC","6.9",NA,"C",1301,NA,"43",NA,"Refractory metal base"
"NbTiV0.3Mo0.7Zr",4.675,0.271583205482224,6.33191655909409,-1.825,12.7960447443379,"74","BCC","7.1",NA,"C",1436,NA,"27",NA,"Refractory metal base"
"NbTiV0.3MoZr",4.76744186046512,0.296132452496022,6.37014204688198,-2.61763115197404,12.8259991648031,"74","BCC","7.3",NA,"C",1455,NA,"25",NA,"Refractory metal base"
"NbTiV0.3Mo1.3Zr",4.84782608695652,0.312228785900342,6.37545934766599,-3.19470699432892,12.7247017478288,"74","BCC","7.4",NA,"C",1603,NA,"20",NA,"Refractory metal base"
"NbTiV0.3Mo1.5Zr",4.89583333333333,0.319847986354456,6.3660138851147,-3.48958333333333,12.614339940059,"74","BCC","7.5",NA,"C",1576,NA,"8",NA,"Refractory metal base"
"NbTiVZr",4.5,0.1171537451386,7.04839766934364,-0.25,11.526292643288,"74","BCC","6.5",NA,"C",1104,NA,"50",NA,"Refractory metal base"
"NbTiVZr",4.5,0.1171537451386,7.04839766934364,-0.25,11.526292643288,"59","BCC","6.5",335,"C",1105,NA,"> 50",104,"Refractory metal base"
"NbTiV2Zr",4.6,0.112889326333361,7.48050760766666,-1.28,11.0763528305143,"59","BCC","6.4",304,"C",918,NA,"> 50",109,"Refractory metal base"
"CoCrCuFeNiTiVZr",7.125,0.194164878389476,9.30363082356978,-16.75,17.2894389649319,"27",NA,"7.1",680,NA,NA,NA,NA,168,"Other"
"CoCrFeMoNiTiVZr",6.5,0.239674258108792,9.12982852778242,-18.75,17.2894389649319,"27",NA,"7.3",850,NA,NA,NA,NA,193,"Other"
"CoCuFeNiTiVZr",7.28571428571428,0.206585456943145,9.54749172414376,-20.1632653061224,16.1791971926054,"27",NA,"7.1",630,NA,NA,NA,NA,NA,"Other"
"CoFeNiV",8,0.10917302780449,2.41522667505614,-10.5,11.526292643288,"77","FCC","7.8",238,NA,NA,NA,NA,187,"Other"
"CoFeMo0.2NiV",7.9047619047619,0.129721487807892,2.88194361918999,-10.1587301587302,12.5691762279403,"77","FCC+Im","8.0",267,NA,NA,NA,NA,NA,"Other"
"CoFeMo0.4NiV",7.81818181818182,0.144274331204924,3.20632002347154,-9.83471074380165,13.0113333010848,"77","FCC+Im","8.1",402,NA,NA,NA,NA,NA,"Other"
"CoFeMo0.6NiV",7.73913043478261,0.155114446436764,3.44403088608432,-9.52741020793951,13.2423259868498,"77","FCC+Im","8.2",557,NA,NA,NA,NA,NA,"Other"
"CoFeMo0.8NiV",7.66666666666667,0.163413564478459,3.62317802421608,-9.23611111111111,13.3514181977155,"77","FCC+Im","8.3",606,NA,NA,NA,NA,NA,"Other"
"CoFeMoNiV",7.6,0.169870538940689,3.76033414918282,-8.96,13.3816113591719,"77","FCC+Im","8.4",625,NA,NA,NA,NA,NA,"Other"
"CoFeMoNi1.2V",7.69230769230769,0.166658776933572,3.73383941133404,-9.08284023668639,13.3578861044391,"77","FCC+Im","8.4",602,NA,NA,NA,NA,NA,"Other"
"CoFeMoNi1.4V",7.77777777777778,0.163622403140059,3.70599267182912,-9.16323731138546,13.2962010278622,"77","FCC+Im","8.5",538,NA,NA,NA,NA,NA,"Other"
"CoFeMoNi1.6V",7.85714285714286,0.16074602861124,3.67719953379574,-9.20918367346939,13.2073563036472,"77","FCC+Im","8.5",520,NA,NA,NA,NA,NA,"Other"
"CoFeMoNi1.8V",7.93103448275862,0.158016089127992,3.64777715243175,-9.22711058263972,13.0989483478243,"77","FCC+Im","8.5",510,NA,NA,NA,NA,NA,"Other"
"CoFeMoNi2V",8,0.15542057635833,3.61797440533802,-9.22222222222222,12.9764683537374,"77","FCC+Im","8.5",382,NA,NA,NA,NA,NA,"Other"
"CoFeMoNiTiVZr",6.57142857142857,0.254044829725393,9.26399708840444,-21.7959183673469,16.1791971926054,"27",NA,"7.3",790,NA,NA,NA,NA,NA,"Other"
"CuFeNiTiVZr",7,0.211266025033211,9.75474984873185,-18.7777777777778,14.8975171276187,"27",NA,"6.8",590,NA,NA,NA,NA,142,"Other"
"CoCrCuFeMnNiTiV",7.5,0.148639664961947,5.50228282157213,-8.125,17.2894389649319,"78","FCC+BCC+Im","7.3",NA,"C",1312,1312,"< 1",74,"Other"
"Al11.1(CoCrCuFeMnNiTiV)88.9",7.0005,0.145758341935376,6.03376482257271,-12.736814125,18.268741092144,"78","FCC+BCC","6.7",NA,"C",1862,2431,"< 1",164,"Other"
"Al20(CoCrCuFeMnNiTiV)80",6.6,0.14239382009062,6.27156274135966,-15.44,17.9921284164871,"78","BCC","6.1",NA,"C",1465,2016,"2",190,"Other"
"Al40(CoCrCuFeMnNiTiV)60",5.7,0.130987594832488,6.31960701698569,-18.285,15.9693937258886,"78","BCC+Im","5.1",NA,"C",1461,1461,"< 1",163,"Other"
"AlFeNiTiVZr",5.66666666666667,0.18977325651653,9.35408527371234,-31.3333333333333,14.8975171276187,"27","BCC","5.9",800,NA,NA,NA,NA,132,"Other"
"(CuMnNi)75Zn25",10,0.156584641647896,4.44848547113665,-3.5,11.526292643288,"79","FCC","8.3",147,"C",215,NA,">60",169,"Other"
"(CuMnNi)80Zn20",9.86666666666667,0.159393294157007,4.33339960938657,-2.98666666666666,11.4680738893214,"79","FCC","8.3",109,"C",140,NA,">65",171,"Other"
"(CuMnNi)90Al10",8.7,0.167418636955388,4.52114141243782,-5.04,10.9238239554386,"79","FCC+Im","8.1",241,"C",515,NA,"40",NA,"Other"
"(CuMnNi)90Sn10",8.8,0.167104757562434,8.07165064163315,-0.48,10.9238239554386,"79","FCC+Im","8.3",318,"C",630,NA,"20",NA,"Other"
"(CuMnNi)95Al5",9.01666666666667,0.167641399686619,4.02929787457387,-2.66,10.3281998356089,"79","FCC","8.3",166,"C",330,NA,">45",174,"Other"
"(CuMnNi)95Sn5",9.06666666666667,0.167476034769821,6.36464315298509,-0.253333333333333,10.3281998356089,"79","FCC+Im","8.4",205,"C",380,NA,">63",NA,"Other"
"Ti0.25NbMoTaW",5.41176470588235,0.363138948880138,2.48584137040875,-6.14532871972318,12.7083710094314,NA,"BCC",NA,478.3,"C",1109,2.5,NA,NA,"TixNbMoTaW"
"Ti0.5NbMoTaW",5.33333333333333,0.361574062218428,2.60689683570357,-5.82716049382716,13.1459448815993,NA,"BCC",NA,481.2,"C",1211,5.9,NA,NA,"TixNbMoTaW"
"Ti0.75NbMoTaW",5.26315789473684,0.359309895644461,2.69153170113987,-5.54016620498615,13.3328070494741,NA,"BCC",NA,495.6,"C",1305,8.4,NA,NA,"TixNbMoTaW"
"TiNbMoTaW",5.2,0.356561355169065,2.75057850915543,-5.28,13.3816113591719,NA,"BCC",NA,507.5,"C",1455,11.5,NA,NA,"TixNbMoTaW"
"AlCrFeNiMo0.5",6.66666666666667,0.172225806414317,6.11217739577749,-11.8518518518518,13.1459448815993,NA,"BCC+Im",NA,623.7,"C",1914.1,27.9,NA,NA,"AlCrFeNiMo0.5Tix"
"AlCrFeNiMo0.5Ti0.25",6.52631578947368,0.177239528366311,6.52583430968316,-14.6703601108033,14.1684291428761,NA,"BCC+Im",NA,712,"C",2161.7,14.3,NA,NA,"AlCrFeNiMo0.5Tix"
"AlCrFeNiMo0.5Ti0.4",6.44897959183674,0.179504849063058,6.71170699716278,-16.0599750104123,14.4236283729323,NA,"BCC+Im",NA,731.9,"C",2185.1,14.8,NA,NA,"AlCrFeNiMo0.5Tix"
"AlCrFeNiMo0.5Ti0.5",6.4,0.180765040867973,6.81576093204872,-16.88,14.5342406235007,NA,"BCC+Im",NA,751.7,"C",2228.7,10.4,NA,NA,"AlCrFeNiMo0.5Tix"
"AlCrFeNiMo0.5Ti0.6",6.35294117647059,0.181851513843779,6.90641608494439,-17.6239907727797,14.6109492680261,NA,"BCC+Im",NA,756.1,"C",1314.5,NA,NA,NA,"AlCrFeNiMo0.5Tix"
"AlCrFeNiMo0.5Ti0.75",6.28571428571428,0.183196609500357,7.02097637694778,-18.6122448979592,14.6778495531602,NA,"BCC+Im",NA,766.2,"C",618.8,NA,NA,NA,"AlCrFeNiMo0.5Tix"
